,Name,URL,Category_en,Category_cn,Country,Language,Description,Is_Alive,Notes
1,中国国际问题研究院（CIIS）,https://www.ciis.org.cn,politics_ir,政治与国际关系,中国,中文,外交部直属顶级智库，中国外交政策核心研究与建言机构，国际议题研究权威性拉满，是中国国际关系领域的官方标杆,yes,
2,上海国际问题研究院（SIIS）,https://www.siis.org.cn,politics_ir,政治与国际关系,中国,中文,华东地区顶级国关智库，东亚区域合作、中美关系、东盟研究的权威机构，中日韩智库合作的核心平台。,yes,
3,中国社科院世界经济与政治研究所,www.iwep.org.cn,politics_ir,政治与国际关系,中国,中文,中国社科院下属的核心研究所，专注于全球经济、国际政治、国际战略等领域的理论与政策研究,yes,
4,察哈尔学会,https://www.charhar.org.cn,politics_ir,政治与国际关系,中国,中文,中国代表性的非官方外交与国际关系智库，专注于公共外交、和平学及“二轨外交”，并连续多年跻身全球顶尖智库榜单,yes,
5,中国人民外交学会,https://www.cpifa.org,politics_ir,政治与国际关系,中国,中文,成立于1949年，是新中国第一个从事人民外交的机构，与外交部关系密切，开展同世界各国政治活动家、智库及学术机构的交流,yes,
6,中国共产党中央委员会官网,https://www.ccps.gov.cn,politics_ir,政治与国际关系,中国,中文,中国执政党官方平台，核心政策、外交立场的权威发布渠道,yes,
7,卡内基国际和平基金会 (Carnegie Endowment),https://carnegieendowment.org,politics_ir,政治与国际关系,美国,英文,全球首家全球性智库，在华盛顿、莫斯科、北京、贝鲁特、布鲁塞尔和新德里设有研究中心，以国际和平与安全研究著称,yes,
8,兰德公司（RAND Corporation）,https://www.rand.org,politics_ir,政治与国际关系,美国,英文,全球顶级国家安全与战略智库，军事战略、地缘冲突、大国博弈研究的权威机构，研究成果被全球军方与政府广泛引用,yes,
9,美国民主党全国委员会官网,https://democrats.org,politics_ir,政治与国际关系,美国,英文,美国执政党官方平台，民主党外交政策、国际立场的权威发布渠道,yes,
10,"外交关系协会（Council on Foreign Relations, CFR）",https://www.cfr.org,politics_ir,政治与国际关系,美国,英文,美国最权威的外交智库，全球国际关系领域的标杆，《外交事务》杂志主办方，深刻影响美国外交政策制定,yes,
11,布鲁金斯学会（Brookings Institution）,https://www.brookings.edu,politics_ir,政治与国际关系,美国,英文,全球排名第一的综合性智库，大国关系、全球治理、地缘政治研究的全球标杆，学术与政策影响力双顶尖,yes,
12,战略与国际研究中心（CSIS）,https://www.csis.org,politics_ir,政治与国际关系,美国,英文,美国亚太研究、国家安全、中美关系领域的顶级智库，是美国国会与政府外交决策的核心参考来源,yes ,
13,查塔姆研究所（皇家国际事务研究所，Chatham House）,https://www.chathamhouse.org,politics_ir,政治与国际关系,英国,英文,欧洲历史最悠久、全球影响力最强的国关智库之一，“查塔姆规则” 的发源地，是欧洲外交政策、全球治理研究的标杆,yes ,
14,国际战略研究所（IISS）,https://www.iiss.org,politics_ir,政治与国际关系,英国,英文,全球顶级安全与战略智库，年度《军事平衡》报告发布方，军事战略、地缘冲突、国际安全研究的全球权威,yes,
15,《国际事务》（International Affairs）官网,https://academic.oup.com/ia,politics_ir,政治与国际关系,英国,英文,查塔姆研究所主办的顶刊，欧洲国际关系领域核心学术期刊，政策评论与理论研究兼具,yes ,
16,日本国际问题研究所（JIIA）,https://www.jiia.or.jp/en,politics_ir,政治与国际关系,日本,日语,日本最顶级的外交智库，日本外交部关联机构，东亚区域研究、中日关系、日本外交战略的权威机构，亚洲排名前列的国关智库,yes ,
17,日本自由民主党官网,https://www.jimin.jp,politics_ir,政治与国际关系,日本,日语,日本执政党官方平台，日本外交政策、安全战略的权威发布渠道,yes,
18,世宗研究所（Sejong Institute）,https://www.sejong.org,politics_ir,政治与国际关系,韩国,韩语,韩国最顶级的国际关系与安全智库，朝鲜半岛问题、东北亚地缘政治、中韩关系研究的权威机构,yes ,
19,印尼战略与国际问题研究中心（CSIS Indonesia）,https://www.csis.or.id,politics_ir,政治与国际关系,印度尼西亚,印尼语,东南亚历史最悠久、影响力最强的国关智库，东盟研究、东南亚地缘政治、中印尼关系研究的核心权威机构,yes,
20,伊朗政治与国际研究所（IPIS）,https://ipis.ir/en,politics_ir,政治与国际关系,伊朗,波斯语,伊朗外交部直属顶级国关智库，伊朗外交政策、中东地缘政治、伊核问题研究的官方核心机构,yes,
21,中华人民共和国国防部官网,https://www.mod.gov.cn,military,军事,中国,中文,中国军方最高官方平台，国防政策、军队动态、国防白皮书、防务外交、军事新闻的唯一官方发布渠道，是军事研究的核心一手信源,yes ,
22,中国军网（解放军报社官网,https://www.81.cn,military,军事,中国,中文,中央军委机关报《解放军报》主办的军方官方媒体，军队建设、军事训练、国防科技、军人相关资讯的权威发布平台,yes ,
23,日本防卫省官网,https://www.mod.go.jp,military,军事,日本,日文,日本自卫队官方平台，日本防卫政策、自卫队建设、东亚安全动态、美日同盟相关的权威发布渠道,yes ,
24,韩国国防部官网,https://www.mnd.go.kr,military,军事,韩国,韩文,朝鲜半岛防务核心信源，韩军动态、韩美同盟、朝鲜半岛军事安全政策的官方发布平台,yes ,
25,美国国防部（五角大楼）官网,https://www.defense.gov,military,军事,美国,英文,全球最具影响力的军方官方平台，美军国防政策、军费预算、全球军事部署、防务报告、联合作战指令的一手信源,yes,
26,美国国防高级研究计划局（DARPA）官网,https://www.darpa.mil,military,军事,美国,英文,美军前沿军事科技研发核心机构，全球军事黑科技、未来作战体系、国防尖端技术的权威发布平台,yes,
27,《防务新闻》（Defense News）,https://www.defensenews.com,military,军事,美国,英文,全球最权威防务专业媒体，覆盖全球各国军事装备、防务政策、军队动态、军工产业，是全球防务领域的行业标杆,yes,
28,《简氏防务周刊》（Jane's Defence Weekly）,https://www.janes.com,military,军事,美国,英文,全球军事装备与防务情报的绝对权威，简氏集团出品，军事装备识别、各国军力数据、防务技术发展的核心数据库，是军事研究与军迷圈的必备信源,yes ,
29,《航空周刊与空间技术》（Aviation Week）,https://www.aviationweek.com,military,军事,美国,英文,全球航空航天、军事航空、导弹与防务技术的顶级媒体，战机、无人机、航天防务、军用航电领域的核心信源,yes ,
30,皇家联合军种国防研究所（RUSI）,https://www.rusi.org,military,军事,英国,英文,全球历史最悠久的防务智库，欧洲军事战略、北约防务、全球反恐、军事技术发展研究的标杆机构,yes ,
31,印尼国防研究院（Lemhannas）,https://www.lemhannas.go.id,military,军事,印度尼西亚印尼语,,印尼总统府直属部级防务智库，东盟防务一体化、东南亚军事安全、区域反恐研究的核心权威机构,yes,
32,伊朗战略研究中心（CSR）,https://www.csr.ir,military,军事,伊朗,波斯语,伊朗最高国家安全委员会下属核心智库，中东军事战略、伊核问题、地区冲突、伊朗国防政策研究的权威机构,yes,
33,多哈国际事务研究所（DIIS）,https://www.dohainstitute.edu.qa,military,军事,卡塔尔,阿拉伯语,卡塔尔顶级防务智库，中东军事冲突、海湾防务安全、阿拉伯世界军事外交研究的核心平台,yes,
34,海湾研究中心（GRC）,https://www.grc.ae,military,军事,阿联酋,阿拉伯语,阿联酋顶级智库，海湾国家军事建设、能源防务、中东地缘军事冲突研究的标杆机构,yes,
35,DefenceTalk Forum,https://www.defencetalk.com,military,军事,美国,英语,全球老牌国际军事论坛，覆盖各国防务建设、装备发展、军事冲突、军工产业，多国家军迷与业内人士交流的核心平台,yes,
36,《朝日新闻》军事频道,https://www.asahi.com/military,military,军事,日本,日语,日本主流大报军事核心板块，日本防卫政策、自卫队动态、东亚安全局势的权威报道平台,yes,
37,《朝鲜日报》军事频道,https://www.chosun.com/military,military,军事,韩国,韩语,韩国主流大报军事板块，朝鲜半岛防务动态、韩军建设、韩美同盟相关的核心报道渠道,yes,
38,凤凰网军事频道,https://mil.ifeng.com,military,军事,中国,中文,华语圈影响力领先的军事媒体，全球防务新闻、东亚军事动态、军工科技深度报道的核心渠道,yes,
39,俄罗斯红星电视台（Звезда）官网,https://eng.mil.ru/,military,军事,俄罗斯,俄语,俄罗斯国防部直属官方媒体，俄军训练、装备动态、国防科技、军事演习纪录片的权威发布平台，是俄军对外宣传与信息发布的核心窗口,yes,
40,法国武装力量部（国防部）官网,https://www.defense.gouv.fr,military,军事,法国,法语,法国军方最高官方平台，法国国防政策、法军动态、核威慑战略、欧洲防务合作、海外军事行动的权威发布渠道，是法国军事领域的唯一官方核心信源,yes,
,,,,,,,,,
1,KED Global,https://www.kedglobal.com/,economy,经济,韩国,英文,报道韩国企业、产业和金融市场动态，为国际读者提供经济情报和投资分析,yes,
2,经济日报,https://www.ce.cn/,economy,经济,中国,中文,国家级权威经济报刊，专注宏观经济政策、产业经济、金融市场报道,yes,
3,KIF,https://www.kif.re.kr,economy,经济,韩国,韩文,韩国顶尖的金融政策智库，专注于宏观经济、金融市场和金融政策分析，为政策制定者和金融机构提供深度的研究报告,yes,
4,国际货币基金组织,https://www.imf.org,economy,经济,国际,英文,国际货币基金组织官网，发布经济政策分析、全球金融稳定报告及各成员国经济数据,yes,
5,世界银行,https://www.worldbank.org,economy,经济,国际,英文,世界银行集团官网，提供全球发展数据、减贫研究、项目贷款及经济政策分析,yes,
6,美国全国经济研究所,https://www.nber.org,economy,经济,美国,英文,美国非营利经济研究机构，发布工作论文、经济周期测定及权威经济分析,yes,
7,Al-Eqtisadiah,https://www.aleqt.com,economy,经济,沙特阿拉伯,阿拉伯语,沙特知名阿拉伯语经济日报，专注于海湾地区财经新闻、石油市场与商业动态,yes,
8,中国国家统计局,http://www.stats.gov.cn,economy,经济,中国,中文,发布国民经济运行数据、人口普查、GDP及CPI等指标,yes,
9,中国人民银行 (PBoC),http://www.pbc.gov.cn,economy,经济,中国,中文,发布货币政策、金融统计数据、人民币汇率及央行公告,yes,
10,韩国银行 (BOK),https://www.bok.or.kr,economy,经济,韩国,韩文,涵盖利率决议、经济统计、金融市场分析及支付系统信息,yes,
11,印度尼西亚银行(Bank Indonesia),https://www.bi.go.id,economy,经济,印度尼西亚,印度尼西亚语,印尼央行官网，发布货币政策、汇率、支付系统法规及经济研究报告,yes,
12,英国国家统计局 (ONS),https://www.ons.gov.uk,economy,经济,英国,英文,英国官方统计机构，发布国民经济、人口、劳动力市场及地区GDP等官方数据,yes,
13,Bisnis,https://www.bisnis.com,economy,经济,印度尼西亚,印度尼西亚语,印尼领先的商业与财经新闻门户，最权威的商业媒体之一，是分析股市、投资趋势的核心信源,yes,
14,日本银行 (BOJ),https://www.boj.or.jp,economy,经济,日本,日语,提供货币政策会议纪要、经济统计、金融系统报告及研究论文,yes,
15,ZAWYA,https://www.zawya.com,economy,经济,阿联酋,英文,伦敦证券交易所集团旗下，为中东和北非专业人士提供实时股市、商品和货币新闻与分析,yes,
16,英国国家经济与社会研究所,https://www.niesr.ac.uk,economy,经济,英国,英文,英国历史最悠久的独立经济研究机构，发布宏观经济预测与政策分析,yes,
17,国际清算银行,https://www.bis.org,economy,经济,国际,英文,发布全球金融体系报告、巴塞尔协议及央行合作研究,yes,
18,ERIA,http://www.eria.org,economy,经济,印度尼西亚,英文,总部位于雅加达的国际经济研究机构，专注于东盟及东亚地区的经济一体化、产业政策及发展研究，被誉为世界领先的经济智库之一,yes,
19,德意志联邦银行,https://www.bundesbank.de,economy,经济,德国,英文,发布欧元区及德国经济数据、金融稳定报告,yes,
20,Financial Tribune,https://financialtribune.com,economy,经济,伊朗,英文,伊朗领先的英文经济媒体，报道伊朗及国际的能源、贸易、工业与金融发展,yes,
21,中华人民共和国最高人民法院,http://www.court.gov.cn,legal,法律,中国,中文,中国最高审判机关官网，发布司法解释、典型案例、工作报告及庭审直播,yes,
22,英国最高法院,https://www.supremecourt.uk,legal,法律,英国,英文,英国最高法院官网，提供判决全文、案件审理日程及法院年度报告,yes,
23,日本最高裁判所,https://www.courts.go.jp,legal,法律,日本,日文,日本最高裁判所官网，提供判例数据库、法院组织概况及司法统计信息,yes,
24,韩国大法院,https://eng.scourt.go.kr,legal,法律,韩国,英文,韩国大法院英文官网，提供韩国最高法院判例、诉讼规则及司法制度介绍,yes,
25,印度尼西亚最高法院,https://www.mahkamahagung.go.id,legal,法律,印度尼西亚,印度尼西亚语,印尼最高法院官网，提供判决书、法院公告、期刊及司法机构信息,yes,
26,Legal Information Institute (LII),https://www.law.cornell.edu,legal,法律,美国,英文,康奈尔大学法学院主办，提供美国法典、最高法院判例及国际法资源,yes,
27,香港法律资讯中心,https://www.hklii.hk,legal,法律,中国香港,英文,香港法律资讯中心，提供香港判例、条例及法律期刊,yes,
28,阿联酋司法部,https://www.moj.gov.ae,legal,法律,阿联酋,阿拉伯语,阿联酋司法部官网，下设E-Legal Portal提供法律法规检索,yes,
29,BAILII (British and Irish Legal Information Institute),http://www.bailii.org,legal,法律,英国,英文,英国及爱尔兰法律信息研究所，提供英国及爱尔兰的判例法、制定法、法律委员会报告及欧盟判例的免费检索服务,yes,
30,美国律师协会,https://www.americanbar.org,legal,法律,美国,英文,美国律师协会官网，提供法律职业标准、继续教育、行业报告及法律资源,yes,
31,日本弁護士連合会,https://www.nichibenren.or.jp,legal,法律,日本,日文,日本律师联合会官网，提供律师检索、法律咨询及司法制度改革信息,yes,
32,Columbia Law Review,https://columbialawreview.org,legal,法律,美国,英文,哥伦比亚法学院主办，关注美国法律及比较法研究,yes,
33,Modern Law Review,https://www.modernlawreview.co.uk,legal,法律,英国,英文,1937年创刊，由伦敦政治经济学院主办，被誉为英国最权威的同行评审法律期刊，被英国最高法院和上诉法院频繁引用,yes,
34,LawnB,https://www.lawnb.com,legal,法律,韩国,韩语,韩国最大的法律信息门户，收录判例、法规、评注、行政文件、统计、学术文章及法律新闻,yes,
35,北大法宝,https://www.pkulaw.com,legal,法律,中国,中文,中国领先的法律信息检索平台，收录法律法规、司法案例、法学期刊及英文译本,yes,
36,法国最高法院,https://www.courdecassation.fr,legal,法律,法国,法语,法国最高法院官网，发布刑事和民事案件的终审判决、年度报告及法律动态,yes,
37,国际刑事法院 (International Criminal Court - ICC),https://www.icc-cpi.int,legal,法律,国际,英文,"国际刑事法院官网，基于《罗马规约》建立的全球首个常设国际刑事司法机构，提供判例法数据库（收录自2004年以来的判决、决定和命令中的6,000余条法律裁决）、法律工具数据库、核心法律文本及法庭记录检索服务",yes,
38,瑞士联邦最高法院,https://www.bger.ch,legal,法律,瑞士,德文,瑞士联邦最高法院官网，瑞士最高司法机构，主要职能包括裁决宪法争议和审理联邦法律事项的上诉案件，官网提供1954年以来的官方判决汇编全文检索，判决以案件原始语言（德文、法文或意大利文）呈现,yes,
39, 国际法院 (International Court of Justice - ICJ),https://www.icj-cij.org,legal,法律,国际,法文,国际法院官网，联合国主要司法机关，1946年成立，位于荷兰海牙，负责解决国家间法律争端并就联合国机构提交的法律问题提供咨询意见，官网提供判决、咨询意见和命令全文检索，以及《判决、咨询意见和命令汇编》等官方出版物,yes,
40,印尼宪法法院官网 ,https://www.mkri.id,legal,法律,印度尼西亚,印度尼西亚语,印尼宪法法院官网，根据1998年改革后印尼宪法修正案于2003年成立，负责审查法律的合宪性、裁决总统/副总统选举争议、裁决政党解散及国会/地方议会权限争议，官网提供法院判决、新闻公告、宪法学期刊及法院历史与结构信息,yes,
,,,,,,,,,
1,中国政府网,https://www.gov.cn/,government,政府官方,中国,中文,中国中央政府门户网站，发布政务信息与政策,Yes,
2,中华人民共和国外交部,https://www.mfa.gov.cn,government,政府官方,中国,中文,中国外交部官网，发布外交动态与领事信息,Yes,
3,白宫官网,https://www.whitehouse.gov,government,政府官方,美国,英文,美国总统行政办公室官方网站,Yes,
4,美国国务院,https://www.state.gov,government,政府官方,美国,英文,美国外交事务主管部门官网,Yes,
5,英国政府官网,https://www.gov.uk,government,政府官方,英国,英文,英国中央政府统一官方门户网站,Yes,
6,日本首相官邸,https://www.kantei.go.jp,government,政府官方,日本,日文,日本内阁总理大臣官方网站,Yes,
7,韩国政府官网,https://www.korea.kr,government,政府官方,韩国,韩文,韩国中央政府综合门户网站,Yes,
8,印尼政府官网,https://indonesia.go.id/,government,政府官方,印度尼西亚,印尼语,印尼国家级政府官方门户,Yes,
9,伊朗政府官网,https://www.president.ir,government,政府官方,伊朗,波斯语,伊朗总统府官方网站,Yes,
10,沙特阿拉伯政府官网,https://www.spa.gov.sa/ar,government,政府官方,沙特阿拉伯,阿拉伯语,沙特官方政府网站,Yes,
11,德国联邦政府官网,https://www.bundesregierung.de,government,政府官方,德国,德文,德国联邦政府官方门户网站，发布联邦政务与政策信息,Yes,
12,澳大利亚政府官网,https://www.homeaffairs.gov.au/,government,政府官方,澳大利亚,英文,澳大利亚联邦政府统一官方门户，提供全国政务服务,Yes,
13,加拿大政府官网,https://www.canada.ca,government,政府官方,加拿大,英文/法文,加拿大联邦政府官方网站，发布国家政务与公共服务信息,Yes,
14,法国政府官网,https://www.gouvernement.fr,government,政府官方,法国,法文,法兰西共和国政府官方门户网站，发布政府动态与政策,Yes,
15,印度政府官网,https://www.india.gov.in,government,政府官方,印度,英文/印地语,印度联邦政府官方综合门户网站,Yes,
16,巴西政府官网,https://www.gov.br,government,政府官方,巴西,葡萄牙文,巴西联邦共和国中央政府官方网站,Yes,
17,意大利政府官网,https://www.governo.it,government,政府官方,意大利,意大利文,意大利共和国政府官方门户网站,Yes,
18,西班牙政府官网,https://www.lamoncloa.gob.es,government,政府官方,西班牙,西班牙文,西班牙首相府及政府官方网站,Yes,
19,南非政府官网,https://www.gov.za,government,政府官方,南非,英文/南非荷兰语,南非共和国中央政府官方门户网站,Yes,
20,新加坡政府官网,https://www.gov.sg,government,政府官方,新加坡,英文/中文,新加坡共和国政府官方综合服务门户,Yes,
21,联合国,https://www.un.org,intl_org,国际组织,国际,英文/中文,全球最大政府间国际组织，维护国际和平与安全,Yes,
22,世界银行,https://www.worldbank.org,intl_org,国际组织,国际,英文,提供发展贷款与援助的国际金融机构,Yes,
23,国际货币基金组织,https://www.imf.org,intl_org,国际组织,国际,英文,促进全球货币合作与金融稳定,Yes,
24,世界卫生组织,https://www.who.int,intl_org,国际组织,国际,英文,联合国负责全球公共卫生的专门机构,Yes,
25,联合国教科文组织,https://en.unesco.org,intl_org,国际组织,国际,英文,推动教育、科学、文化国际合作,Yes,
26,欧盟官方网站,https://europa.eu,intl_org,国际组织,欧洲,多语言,欧洲联盟官方门户网站,Yes,
27,东盟秘书处,https://asean.org,intl_org,国际组织,东南亚,英文,东南亚国家联盟官方网站,Yes,
28,阿拉伯国家联盟,https://www.leagueofarabstates.net/,intl_org,国际组织,阿拉伯国家,阿拉伯语/英文,阿拉伯国家合作国际组织,No,
29,国际红十字会,https://www.icrc.org,intl_org,国际组织,国际,多语言,人道救援国际非政府组织,Yes,
30,国际移民组织,https://www.iom.int,intl_org,国际组织,国际,英文,处理移民事务的国际组织,Yes,
31,世界贸易组织,https://www.wto.org,intl_org,国际组织,国际,英文/法文/西班牙文,规范国际贸易规则、解决贸易争端的全球性国际组织,Yes,
32,经济合作与发展组织,https://www.oecd.org,intl_org,国际组织,国际,英文/法文,推动全球经济合作、制定公共政策标准的国际组织,Yes,
33,联合国开发计划署,https://www.undp.org,intl_org,国际组织,国际,多语言,联合国致力于全球消除贫困与可持续发展的专门机构,Yes,
34,联合国难民署,https://www.unhcr.org,intl_org,国际组织,国际,多语言,联合国负责全球难民事务与人道主义援助的专门机构,Yes,
35,联合国儿童基金会,https://www.unicef.org,intl_org,国际组织,国际,多语言,致力于全球儿童权利、健康与教育的联合国专门机构,Yes,
36,世界粮食计划署,https://www.wfp.org,intl_org,国际组织,国际,多语言,联合国全球最大人道主义粮食援助组织,Yes,
37,国际劳工组织,https://www.ilo.org,intl_org,国际组织,国际,英文/法文/西班牙文,联合国负责全球劳工标准、就业与社会保护的专门机构,Yes,
38,国际原子能机构,https://www.iaea.org,intl_org,国际组织,国际,多语言,促进和平利用核能、防止核扩散的国际独立机构,Yes,
39,世界知识产权组织,https://www.wipo.int,intl_org,国际组织,国际,多语言,联合国负责全球知识产权保护与合作的专门机构,Yes,
40,国际标准化组织,https://www.iso.org,intl_org,国际组织,国际,英文/法文,制定全球各类标准、促进国际技术合作的非政府国际组织,Yes,
,,,,,,,,,
1,Google Scholar,https://scholar.google.com,academic,学术检索,Global,English,全球最广泛使用的免费学术搜索引擎，涵盖各学科论文与书籍。,Yes,
2,CNKI (中国知网),https://www.cnki.net,academic,学术检索,China,Chinese,中国最大的学术资源集成平台，包含期刊、博硕论文及年鉴。,Yes,清华大学发起
3,PubMed,https://pubmed.ncbi.nlm.nih.gov,academic,学术检索,USA,English,美国国家医学图书馆提供的生物医学和生命科学论文数据库。,Yes,
4,arXiv,https://arxiv.org,academic,学术检索,USA,English,康奈尔大学运营的物理、数学、计算机科学等领域的预印本库。,Yes,
5,J-STAGE,https://www.jstage.jst.go.jp,academic,学术检索,Japan,Japanese/English,日本科学技术振兴机构开发的日本最大电子期刊公共平台。,Yes,
6,RISS (学术情报服务),http://www.riss.kr,academic,学术检索,South Korea,Korean,韩国教育学术信息院运营的全国性论文检索与共享门户。,Yes,
7,JSTOR,https://www.jstor.org,academic,学术检索,USA,English,提供数千种学术期刊、书籍和初级资料的数字图书馆库。,Yes,
8,ScienceDirect,https://www.sciencedirect.com,academic,学术检索,Netherlands,English,爱思唯尔出品的全球顶尖全文数据库，涵盖科技、医学和社会科学。,Yes,
9,Web of Science,https://www.webofscience.com,academic,学术检索,USA,English,全球权威的引文索引数据库，涵盖自然科学、社会科学等。,Yes,Clarivate
10,万方数据,https://www.wanfangdata.com.cn,academic,学术检索,China,Chinese,中国领先的学术文献数据库，涵盖论文、专利、标准等资源。,Yes,
11,IEEE Xplore,https://ieeexplore.ieee.org,academic,学术检索,USA,English,全球电子电气工程、计算机科学领域最权威的文献数据库。,Yes,
12,Wiley Online Library,https://onlinelibrary.wiley.com,academic,学术检索,USA,English,覆盖生命、健康、理学、社会科学及人文科学的跨学科库。,Yes,
13,Taylor & Francis Online,https://www.tandfonline.com,academic,学术检索,UK,English,提供人文、社会科学及科学技术领域的学术期刊与参考书。,Yes,
14,Semantic Scholar,https://www.semanticscholar.org,academic,学术检索,USA,English,艾伦人工智能研究所开发的AI驱动学术搜索引擎，强调深度关联。,Yes,
15,BASE,https://www.base-search.net,academic,学术检索,Germany,English,比勒费尔德学术搜索，全球规模最大的学术开放获取资源引擎。,Yes,
16,DOAJ,https://doaj.org,academic,学术检索,Sweden,English,开放存取期刊目录，提供全球高质量、经同行评审的OA资源。,Yes,
17,SSRN,https://www.ssrn.com,academic,学术检索,USA,English,社会科学研究网络，提供法律、经济等领域的预印本和工作论文。,Yes,
18,维普网,http://www.cqvip.com,academic,学术检索,China,Chinese,中国最早建立的中文期刊数据库之一，偏重于应用技术与管理。,Yes,
19,Oxford Academic,https://academic.oup.com,academic,学术检索,UK,English,牛津大学出版社学术门户，提供权威期刊、图书及多学科研究资源。,Yes,顶级出版社
20,CiNii,https://ci.nii.ac.jp,academic,学术检索,Japan,Japanese/English,日本最大的学术论文索引数据库，收录日本各大学及研究机构的文献。,Yes,国家级平台
21,The National Archives (UK),https://www.nationalarchives.gov.uk,history,历史,UK,English,英国国家档案馆，保存自《末日审判书》以来千年的官方记录。,Yes,
22,NARA (美国国家档案馆),https://www.archives.gov,history,历史,USA,English,美国官方记录保存机构，含《独立宣言》等核心历史文献。,Yes,
23,History Today,https://www.historytoday.com,history,历史,UK,English,全球历史最悠久的历史杂志之一，提供深度学术分析与评论。,Yes,
24,World History Encyclopedia,https://www.worldhistory.org,history,历史,Global,English,非营利性世界历史百科全书，内容经学者审核，涵盖全球历史。,Yes,
25,BBC History,https://www.historyextra.com,history,历史,UK,English,BBC旗下的历史内容门户，提供文章、播客及学术探讨。,Yes,
26,Smithsonian Institution,https://www.si.edu,history,历史,USA,English,史密森尼学会，全球最大的博物馆和研究机构群，含美国史。,Yes,
27,ANRI (印尼国家档案馆),https://anri.go.id,history,历史,Indonesia,Indonesian,印度尼西亚国家档案馆，保存殖民时期及现代建国的关键档案。,Yes,
28,国立公文书馆 (Japan),https://www.archives.go.jp,history,历史,Japan,Japanese,日本国家档案馆，保存并向公众展示重要的官方行政记录。,Yes,
29,Qatar Digital Library,https://www.qdl.qa,history,历史,Qatar,Arabic/English,提供海湾地区历史、阿拉伯科学及大英图书馆波斯湾档案。,Yes,
30,Europeana,https://www.europeana.eu,history,历史,EU,Multiple,欧洲文化遗产门户，整合了欧洲数千家档案馆与博物馆的资源。,Yes,
31,Gallica,https://gallica.bnf.fr,history,历史,France,French,法国国家图书馆的数字库，包含数百万件手稿、地图与史料。,Yes,
32,Internet Archive,https://archive.org,history,历史,Global,English,非营利性数字图书馆，其Wayback Machine保存了互联网历史。,Yes,
33,Institute of Historical Research,https://www.history.ac.uk,history,历史,UK,English,伦敦大学旗下的历史研究机构，英国历史研究的学术中心。,Yes,
34,Institute for Political and International Studies,https://ipis.ir,history,历史,Iran,Persian/English,伊朗政治与国际问题研究所，含大量波斯历史与外交史料库。,Yes,
35,Ancient Origins,https://www.ancient-origins.net,history,历史,Global,English,专注于古代历史、考古学及人类起源研究的新闻与深度报道平台。,Yes,
36,国家数字图书馆 (古籍),http://www.nlc.cn/dsb_gj/gj_index.htm,history,历史,China,Chinese,中国国家图书馆古籍资源库，含敦煌遗书、善本等珍贵史料。,Yes,
37,National Library of Iran,https://www.nlai.ir,history,历史,Iran,Persian,伊朗国家图书馆，藏有大量伊斯兰与波斯帝国的稀有文献档案。,Yes,
38,HistoryNet,https://www.historynet.com,history,历史,USA,English,美国领先的历史传媒平台，涵盖世界史、军事史及各时期历史专题。,Yes,主流媒体
39,Historia.id,https://historia.id,history,历史,Indonesia,Indonesian,印度尼西亚知名在线历史杂志，以大众视角解读印尼与世界历史。,Yes,印尼代表性媒体
40,Encyclopaedia Iranica,https://www.iranicaonline.org,history,历史,Iran,English/Persian,研究伊朗文明最权威的学术百科，涵盖中东历史、文化与考古。,Yes,核心资源
,,,,,,,,,
1,路透社 (Reuters),https://www.reuters.com/,general,其他,英国,英文,全球最大通讯社之一，以客观中立的事实报道见长。,yes,消息源头，全球覆盖。
2,美联社 (AP),https://apnews.com/,general,其他,美国,英文,美国最大的非营利新闻合作组织，报道风格干练。,yes,事实核查的标杆。
3,韩联社 (Yonhap),https://www.yna.co.kr/,general,其他,南韩,韩语,韩国国家骨干通讯社，全天候报道半岛及全球动态，提供文化、K-pop、体育等广泛报道。,yes,韩流文化与社会动态核心源。
4,共同社 (Kyodo News),https://www.kyodo.co.jp/,general,其他,日本,日语,日本最大的独立非营利通讯社，是日本各大报纸和广播电视台的核心消息源。,yes,共同社在数字化转型中，目前许多即时新闻会通过其参与发起的47NEWS平台发布，这是观察日本地方社会动态最权威的窗口。
5,安塔拉 (Antara),https://www.antaranews.com/,general,其他,印尼,印尼文,印尼国家通讯社，东南亚地区的重要发声渠道。,yes,涵盖东南亚重要综合资讯，观察东盟社会动态的窗口。
6,伊通社 (IRNA),https://www.irna.ir/,general,其他,伊朗,波斯语,伊朗官方通讯社，提供中东地区的官方立场与社会视角。,yes,伊斯兰世界社会新闻主渠道。
7,Saudi Press Agency (SPA沙特通讯社),https://www.spa.gov.sa/,general,其他,沙特阿拉伯,阿拉伯语,沙特阿拉伯的主要新闻通讯社，提供中东综合资讯,yes,总部位于利雅德
8,马新社（Bernama）,https://www.bernama.com/bm/,general,其他,马来西亚,马来语,马来西亚的官方新闻机构，负责向国内外的报纸、广播电台及电视台分发即时新闻、图片及多媒体内容。,yes,马新社也涉及大量东南亚地区的社会民生、气候环境及多元文化报道。
9,法新社 (AFP),https://www.afp.com/,general,其他,法国,法语,世界三大通讯社之一，在非洲和中东影响力极强。,yes,擅长多语言和摄影报道。
10,全印新闻信托 (PTI),https://bhasha.ptinews.com/,general,其他,印度,印地语,这是 PTI 专门为印度本土庞大的印地语读者群设立的通讯社分支，是印度最权威的印地语新闻源头。,yes,印度的大多数本土印地语报纸（如 Dainik Jagran 或 Dainik Bhaskar）都直接订阅该分支的电稿。它比英文版更接地气，涵盖了大量印度农村发展、本土宗教节日、地方民生投诉等“非政经军”类内容。
11,大西洋月刊 (The Atlantic),https://www.theatlantic.com/world/,general,其他,美国,英语,侧重社会伦理、文化趋势及人类学观察。,yes,深度思想类媒体的代表。
12,卫报 (The Guardian),https://www.theguardian.com/international,general,其他,英国,英语,关注气候变化、人权、社会正义及生活方式。,yes,独立基金会所有，立场独特。
13,日本经济新闻 (Nikkei),https://www.nikkei.com/,general,其他,日本,日语,虽以经济命名，但其亚洲消费、科技生活报道极强。,yes,类似于清华社在学术界的地位。
14,韩国外籍儿童网（Expat Kids Korea）,https://www.expatkidskorea.com/,general,其他,南韩,韩语,为在韩外国家庭提供生活资讯、活动与育儿指南。,yes,韩国少数专注于外国家庭社群的媒体
15,Vice Media,https://www.vice.com/en/,general,其他,美国,英语,报道亚文化、边缘群体及独特的社会调查。,yes,视角独特，不属于传统分类。
16,半岛电视台 (Al Jazeera),https://www.aljazeera.net/,general,其他,卡塔尔,阿拉伯语,全球最具影响力的阿拉伯语媒体，打破了西方媒体对全球资讯的垄断。其本土版（.net域名）侧重于阿拉伯世界的社会议题、民俗文化及深度调查。,yes,专注于青年文化、社会心理学、艺术及科普分析，避开了传统的宏大政经叙事。
17,好胃口(Bon Appétit),https://www.bonappetit.com/,general,其他,美国,英语,专注于食物、烹饪技巧与餐饮文化的知名媒体,yes,将饮食结合生活风格的代表性刊物。
18,朝日新闻 (Asahi Shimbun),https://www.asahi.com/,general,其他,日本,日语,侧重社会福利、教育、环境等文教类报道。,yes,日本知识分子阶层的主流读物。
19,BBC News (Features),https://www.bbc.com/,general,其他,英国,英语,其非政经类的“深度专题(Features)”极具公信力。,yes,公共广播服务的全球标杆。
20,NPR (国家公共广播),https://www.npr.org/,general,其他,美国,英语,以叙事新闻见长，关注社区、艺术和社会生活。,yes,听觉新闻与社会故事的鼻祖。
